[
  {
    "name": "韩国瑜",
    "experience": "韩国瑜 1957年6月17日出生,中国国民党党员，现任高雄市市长。2017年1月11日，辞去台北农产运销公司总经理之职,2017年8月23日任中国国民党高雄市党部主委,2018年11月24日，韩国瑜当选高雄市市长，击败民进党对手陈其迈，结束了民进党在高雄执政20年的历史 ,2019年7月15日，2020年台湾地区领导人选举国民党党内初选，韩国瑜获胜2019年7月28日，中国国民党正式提名韩国瑜为2020参选人",
    "party":"国民党",
    "policy":"自由民主是台湾共同的DNA",
    "id":0
  },
  {
      "name":"蔡英文",
      "experience":"蔡英文 1956年8月31日出生现任台湾地区领导人。2000年民主进步党“执政”后出任台湾当局大陆事务主管部门负责人，2004年加入民主进步党，2016年5月20日，蔡英文正式就任台湾地区领导人，成为台湾地区首位女性领导人 2018年11月24日，蔡英文宣布辞去民进党党主席职务，2019年6月13日，民进党公布2020初选民调结果，蔡英文胜过台当局前行政机构负责人赖清德，2019年6月19日，民进党正式公告提名蔡英文参选2020",
      "party":"民进党",
      "policy":"台湾要赢",
      "id":1
  },
  {
      "name":"宋楚瑜",
      "experience":"宋楚瑜 1942年3月16日出生，现任亲民党党主席。2000年、2004年、2012年、2016年曾四次参选台湾地区领导人接连败选，其中2004年担任连战副手参选，2019年11月13日，宋楚瑜宣布参加2020台湾地区领导人选举。",
      "party":"亲民党",
      "policy":"台湾安全 人民有钱",
      "id":2
  }
]
