{
  "type": "FeatureCollection",
  "features": [
    {
      "type": "Feature",
      "geometry": {
        "type": "Polygon",
        "coordinates": [
          [
            [120.4435, 22.4413],
            [120.2972, 22.5313],
            [120.2743, 22.5602],
            [120.2004, 22.7211],
            [120.133, 23.0004],
            [120.0222, 23.0601],
            [120.0232, 23.1077],
            [120.1078, 23.3413],
            [120.1218, 23.5047],
            [120.0962, 23.5701],
            [120.1028, 23.701],
            [120.1754, 23.8074],
            [120.2555, 23.8518],
            [120.2783, 23.9278],
            [120.305, 23.9531],
            [120.392, 24.1182],
            [120.4515, 24.1827],
            [120.5463, 24.3704],
            [120.6428, 24.4902],
            [120.6887, 24.6007],
            [120.8238, 24.6883],
            [120.8813, 24.7458],
            [120.9085, 24.852],
            [121.0097, 24.9937],
            [121.0247, 25.0405],
            [121.1332, 25.0787],
            [121.2093, 25.1271],
            [121.3719, 25.1599],
            [121.4135, 25.2389],
            [121.4857, 25.2929],
            [121.6024, 25.3044],
            [121.6553, 25.2419],
            [121.7003, 25.2269],
            [121.7074, 25.1915],
            [121.7453, 25.1619],
            [121.9288, 25.1301],
            [121.9418, 25.0385],
            [121.99, 25.0273],
            [122.0122, 25.0015],
            [121.9329, 24.9387],
            [121.845, 24.8363],
            [121.8415, 24.7341],
            [121.8925, 24.6179],
            [121.8855, 24.5297],
            [121.8267, 24.4236],
            [121.8092, 24.3391],
            [121.6386, 24.0843],
            [121.6594, 24.0069],
            [121.6216, 23.9207],
            [121.4795, 23.3223],
            [121.4403, 23.2721],
            [121.415, 23.196],
            [121.4291, 23.1239],
            [121.3704, 23.0844],
            [121.3247, 22.9457],
            [121.2379, 22.8363],
            [121.1982, 22.752],
            [121.1451, 22.7057],
            [121.0333, 22.6507],
            [121.015, 22.5842],
            [120.9954, 22.5664],
            [120.9149, 22.3027],
            [120.9109, 22.0469],
            [120.8665, 21.9844],
            [120.867, 21.8889],
            [120.8431, 21.8855],
            [120.7664, 21.9275],
            [120.7318, 21.9148],
            [120.7016, 21.9271],
            [120.6514, 22.0332],
            [120.6592, 22.1543],
            [120.6405, 22.2414],
            [120.5699, 22.3617],
            [120.5176, 22.4085],
            [120.4435, 22.4413]
          ],
          [
            [119.506, 23.6256],
            [119.5197, 23.6488],
            [119.5492, 23.6371],
            [119.5256, 23.6249],
            [119.5224, 23.5621],
            [119.4724, 23.5571],
            [119.5063, 23.5775],
            [119.496, 23.5928],
            [119.506, 23.6256]
          ],
          [
            [119.5574, 23.6665],
            [119.6107, 23.6678],
            [119.6086, 23.6203],
            [119.5923, 23.6188],
            [119.5981, 23.6345],
            [119.5806, 23.6574],
            [119.5544, 23.6528],
            [119.5574, 23.6665]
          ],
          [
            [119.646, 23.5509],
            [119.6184, 23.5326],
            [119.6119, 23.5037],
            [119.5754, 23.5036],
            [119.5431, 23.5386],
            [119.554, 23.5532],
            [119.5633, 23.5293],
            [119.598, 23.5295],
            [119.6001, 23.5436],
            [119.5664, 23.5461],
            [119.5647, 23.5832],
            [119.5877, 23.5933],
            [119.5991, 23.5747],
            [119.608, 23.6031],
            [119.6564, 23.6093],
            [119.6781, 23.6],
            [119.7022, 23.5563],
            [119.646, 23.5509]
          ],
          [
            [121.5106, 22.0872],
            [121.5756, 22.0844],
            [121.5727, 22.041],
            [121.6063, 22.0198],
            [121.5945, 21.9954],
            [121.5098, 22.0428],
            [121.4995, 22.0826],
            [121.5106, 22.0872]
          ]
        ]
      },
      "properties": {
        "name": "台湾省",
        "adcode": "710000",
        "telecode": "1886",
        "level": "province",
        "parent": {
          "name": "中华人民共和国",
          "level": "country",
          "adcode": "100000",
          "center": {
            "crs": {
              "type": "name",
              "properties": { "name": "urn:ogc:def:crs:EPSG:6.3:4326" }
            },
            "type": "Point",
            "coordinates": [116.3683244, 39.915085]
          }
        },
        "center": { "lng": 121.509062, "lat": 25.044332 }
      }
    }
  ]
}
